Time	2 Positions
0.0	0.03541930185132238	0.5513882218605933
0.1001001001001001	0.08546935190137243	0.5013381718105433
0.2002002002002002	0.13551940195142248	0.45128812176049327
0.3003003003003003	0.18556945200147254	0.40123807171044323
0.4004004004004004	0.2356195020515226	0.3511880216603932
0.5005005005005005	0.28566955210157263	0.30113797161034317
0.6006006006006006	0.33571960215162266	0.25108792156029314
0.7007007007007008	0.3857696522016727	0.20103787151024308
0.8008008008008008	0.43581970225172273	0.15098782146019302
0.9009009009009009	0.48586975230177276	0.10093777141014296
1.001001001001001	0.5359198023518228	0.050887721360092904
1.1011011011011012	0.5859698524018728	0.0008376713100428507
1.2012012012012012	0.6360199024519229	0.0492123787400072
1.3013013013013013	0.6860699525019729	0.09926242879005726
1.4014014014014016	0.7361200025520229	0.14931247884010732
1.5015015015015016	0.786170052602073	0.19936252889015738
1.6016016016016017	0.836220102652123	0.24941257894020744
1.7017017017017018	0.886270152702173	0.2994626289902575
1.8018018018018018	0.936320202752223	0.34951267904030753
1.9019019019019021	0.9863702528022731	0.39956272909035756
2.002002002002002	0.9635796971476769	0.4496127791404076
2.1021021021021022	0.9135296470976269	0.4996628291904576
2.2022022022022023	0.8634795970475768	0.5497128792405077
2.3023023023023024	0.8134295469975268	0.5997629292905577
2.4024024024024024	0.7633794969474768	0.6498129793406078
2.5025025025025025	0.7133294468974267	0.6998630293906578
2.6026026026026026	0.6632793968473767	0.7499130794407078
2.702702702702703	0.6132293467973267	0.7999631294907579
2.802802802802803	0.5631792967472766	0.8500131795408079
2.902902902902903	0.5131292466972266	0.9000632295908579
3.0030030030030033	0.46307919664717656	0.950113279640908
3.1031031031031033	0.41302914659712653	0.9998388725112466
3.2032032032032034	0.3629790965470765	0.9497890226613968
3.3033033033033035	0.31292904649702646	0.8997391728115469
3.4034034034034035	0.26287899644697643	0.8496893229616971
3.5035035035035036	0.21282894639692637	0.7996394731118472
3.6036036036036037	0.1627788963468763	0.7495896232619974
3.7037037037037037	0.11272884629682625	0.6995397734121476
3.8038038038038042	0.06267879624677619	0.6494899235622977
3.9039039039039043	0.012628746196726139	0.5994400737124479
4.004004004004004	0.037421303853323915	0.5493902238625981
4.104104104104104	0.08747135390337396	0.4993403740127482
4.2042042042042045	0.13752140395342402	0.4492905241628984
4.3043043043043046	0.18757145400347408	0.39924067431304855
4.404404404404405	0.23762150405352414	0.3491908244631987
4.504504504504505	0.2876715541035742	0.2991409746133489
4.604604604604605	0.33772160415362423	0.249091124763499
4.704704704704705	0.38777165420367427	0.19904127491364915
4.804804804804805	0.4378217042537243	0.14899142506379928
4.904904904904905	0.48787175430377433	0.09894157521394942
5.005005005005005	0.5379218043538244	0.04889172536409956
5.105105105105105	0.5879718544038744	0.0011581244857502976
5.205205205205205	0.6380219044539245	0.051207974335600155
5.305305305305305	0.6880719545039745	0.10125782418545001
5.405405405405406	0.7381220045540245	0.15130767403529988
5.505505505505506	0.7881720546040746	0.20135752388514974
5.605605605605606	0.8382221046541246	0.2514073737349996
5.705705705705706	0.8882721547041746	0.30145722358484944
5.805805805805806	0.9383222047542247	0.3515070734346993
5.9059059059059065	0.9883722548042747	0.4015569232845491
6.0060060060060065	0.9615915089478746	0.45160677313439895
6.106106106106107	0.9115418592978245	0.5016566229842488
6.206206206206207	0.8614922096477744	0.5517064728340987
6.306306306306307	0.8114425599977243	0.6017563226839485
6.406406406406407	0.7613929103476742	0.6518061725337984
6.506506506506507	0.7113432606976241	0.7018560223836482
6.606606606606607	0.661293611047574	0.751905872233498
6.706706706706707	0.6112439613975239	0.8019557220833479
6.806806806806807	0.5611943117474738	0.8520055719331977
6.906906906906907	0.5111446620974237	0.9020554217830475
7.007007007007007	0.46109501244737366	0.9521052716328974
7.107107107107107	0.4110453627973236	0.9978652989128471
7.207207207207207	0.3609957131472736	0.9478160496623966
7.307307307307307	0.31094606349722353	0.8977668004119461
7.407407407407407	0.2608964138471735	0.8477175511614956
7.507507507507508	0.21084676419712345	0.7976683019110451
7.6076076076076085	0.1607971145470734	0.7476190526605946
7.7077077077077085	0.11074746489702335	0.6975698034101441
7.807807807807809	0.06069781524697329	0.6475205541596936
7.907907907907909	0.010648165596923234	0.597471304909243
8.008008008008009	0.03940148405312682	0.5474220556587925
8.108108108108109	0.08945113370317688	0.4973728064083421
8.208208208208209	0.13950078335322694	0.4473235571578916
8.308308308308309	0.189550433003277	0.39727430790744117
8.408408408408409	0.23960008265332705	0.3472250586569907
8.508508508508509	0.2896497323033771	0.29717580940654026
8.608608608608609	0.33969938195342714	0.2471265601560898
8.70870870870871	0.3897490316034772	0.19707731090563935
8.80880880880881	0.4397986812535272	0.1470280616551889
8.90890890890891	0.48984833090357727	0.09697881240473843
9.00900900900901	0.5398979805536274	0.04692956315428798
9.10910910910911	0.5899476302036775	0.0031196860961624773
9.20920920920921	0.6399972798537276	0.05316893534661293
9.30930930930931	0.6900469295037777	0.10321818459706339
9.40940940940941	0.7400965791538278	0.15326743384751385
9.50950950950951	0.7901462288038779	0.2033166830979643
9.60960960960961	0.840195878453928	0.25336593234841476
9.70970970970971	0.8902455281039781	0.3034151815988652
9.80980980980981	0.9402951777540282	0.35346443084931567
9.90990990990991	0.9903448274040783	0.4035136800997661
10.01001001001001	0.9596491664717957	0.4535629293502166
10.11011011011011	0.9096003176193432	0.5036121786006671
10.21021021021021	0.8595514687668908	0.5536614278511176
10.31031031031031	0.8095026199144384	0.6037106771015681
10.41041041041041	0.759453771061986	0.6537599263520186
10.51051051051051	0.7094049222095336	0.7038091756024691
10.61061061061061	0.6593560733570811	0.7538584248529197
10.710710710710712	0.6093072245046287	0.8039076741033702
10.810810810810812	0.5592583756521763	0.8539569233538207
10.910910910910912	0.5092095267997239	0.9040061726042712
11.011011011011012	0.4591606779472714	0.9540554218547217
11.111111111111112	0.4091118290948189	0.9959499833612941
11.211211211211213	0.35906298024236644	0.9459017351054383
11.311311311311313	0.30901413138991396	0.8958534868495824
11.411411411411413	0.2589652825374615	0.8458052385937266
11.511511511511513	0.20891643368500903	0.7957569903378707
11.611611611611613	0.15886758483255659	0.7457087420820149
11.711711711711713	0.10881873598010414	0.695660493826159
11.811811811811813	0.05876988712765168	0.6456122455703032
11.911911911911913	0.008721038275199225	0.5955639973144473
12.012012012012013	0.04132781057725323	0.5455157490585915
12.112112112112113	0.09137665942970569	0.4954675008027356
12.212212212212213	0.14142550828215814	0.44541925254687975
12.312312312312313	0.19147435713461058	0.3953710042910239
12.412412412412413	0.24152320598706303	0.34532275603516804
12.512512512512513	0.2915720548395155	0.2952745077793122
12.612612612612613	0.34162090369196796	0.24522625952345634
12.712712712712714	0.39166975254442044	0.19517801126760048
12.812812812812814	0.4417186013968729	0.14512976301174463
12.912912912912914	0.4917674502493254	0.09508151475588877
13.013013013013014	0.5418162991017779	0.04503326650003293
13.113113113113114	0.5918651479542303	0.00501498175582292
13.213213213213214	0.6419139968066827	0.05506323001167877
13.313313313313314	0.6919628456591351	0.10511147826753461
13.413413413413414	0.7420116945115875	0.15515972652339047
13.513513513513514	0.79206054336404	0.20520797477924632
13.613613613613614	0.8421093922164924	0.25525622303510215
13.713713713713714	0.8921582410689448	0.305304471290958
13.813813813813814	0.9422070899213972	0.35535271954681386
13.913913913913914	0.9922559387738497	0.4054009678026697
14.014014014014014	0.9577847013382619	0.45544921605852556
14.114114114114114	0.907737053675399	0.5054974643143814
14.214214214214214	0.8576894060125362	0.5555457125702372
14.314314314314315	0.8076417583496733	0.6055939608260931
14.414414414414415	0.7575941106868105	0.6556422090819489
14.514514514514515	0.7075464630239476	0.7056904573378048
14.614614614614615	0.6574988153610848	0.7557387055936606
14.714714714714715	0.6074511676982219	0.8057869538495165
14.814814814814815	0.5574035200353591	0.8558352021053723
14.914914914914915	0.5073558723724962	0.9058834503612282
15.015015015015017	0.4573082247096334	0.955931698617084
15.115115115115117	0.40726057704677054	0.9941249573000357
15.215215215215217	0.3572129293839077	0.9440781104267625
15.315315315315317	0.30716528172104485	0.8940312635534893
15.415415415415417	0.257117634058182	0.8439844166802161
15.515515515515517	0.20706998639531915	0.7939375698069429
15.615615615615617	0.1570223387324563	0.7438907229336696
15.715715715715717	0.10697469106959347	0.6938438760603964
15.815815815815817	0.05692704340673063	0.6437970291871232
15.915915915915917	0.006879395743867797	0.59375018231385
16.016016016016017	0.04316825191899504	0.5437033354405768
16.116116116116117	0.09321589958185787	0.4936564885673036
16.216216216216218	0.1432635472447207	0.4436096416940304
16.316316316316318	0.19331119490758353	0.3935627948207572
16.416416416416418	0.24335884257044638	0.34351594794748397
16.516516516516518	0.2934064902333092	0.29346910107421076
16.616616616616618	0.3434541378961721	0.24342225420093755
16.716716716716718	0.3935017855590349	0.19337540732766434
16.816816816816818	0.44354943322189777	0.14332856045439113
16.916916916916918	0.4935970808847606	0.09328171358111792
17.017017017017018	0.5436447285476235	0.04323486670784472
17.117117117117118	0.5936923762104863	0.006811980165428486
17.217217217217218	0.6437400238733492	0.05685882703870169
17.31731731731732	0.693787671536212	0.10690567391197489
17.41741741741742	0.7438353191990749	0.1569525207852481
17.51751751751752	0.7938829668619377	0.2069993676585213
17.61761761761762	0.8439306145248006	0.2570462145317945
17.71771771771772	0.8939782621876634	0.3070930614050677
17.81781781781782	0.9440259098505263	0.3571399082783409
17.91791791791792	0.9940735575133891	0.4071867551516141
18.01801801801802	0.9560301446071426	0.45723360202488733
18.11811811811812	0.9059840985170527	0.5072804488981605
18.21821821821822	0.8559380524269629	0.5573272957714337
18.31831831831832	0.805892006336873	0.6073741426447069
18.41841841841842	0.7558459602467831	0.6574209895179801
18.51851851851852	0.7057999141566932	0.7074678363912533
18.61861861861862	0.6557538680666033	0.7575146832645265
18.71871871871872	0.6057078219765134	0.8075615301377997
18.81881881881882	0.5556617758864235	0.857608377011073
18.91891891891892	0.5056157297963336	0.9076552238843462
19.01901901901902	0.4555696837062437	0.9577020707576194
19.11911911911912	0.40552363761615373	0.9924222515142689
19.21921921921922	0.3554775915260638	0.9423772064011561
19.31931931931932	0.30543154543597384	0.8923321612880433
19.41941941941942	0.2553854993458839	0.8422871161749305
19.51951951951952	0.20533945325579397	0.7922420710618177
19.61961961961962	0.15529340716570406	0.7421970259487048
19.71971971971972	0.10524736107561414	0.692151980835592
19.81981981981982	0.05520131498552421	0.6421069357224792
19.91991991991992	0.005155268895434287	0.5920618906093664
20.02002002002002	0.04489077719465564	0.5420168454962536
20.12012012012012	0.09493682328474556	0.4919718003831408
20.22022022022022	0.14498286937483548	0.441926755270028
20.32032032032032	0.1950289154649254	0.3918817101569152
20.42042042042042	0.24507496155501532	0.3418366650438024
20.52052052052052	0.29512100764510524	0.2917916199306896
20.62062062062062	0.3451670537351952	0.2417465748175768
20.72072072072072	0.39521309982528513	0.19170152970446402
20.82082082082082	0.4452591459153751	0.14165648459135124
20.92092092092092	0.495305192005465	0.09161143947823847
21.02102102102102	0.545351238095555	0.04156639436512568
21.12112112112112	0.5953972841856449	0.008478650747987107
21.22122122122122	0.6454433302757348	0.05852369586109989
21.32132132132132	0.6954893763658246	0.10856874097421268
21.421421421421424	0.7455354224559145	0.15861378608732546
21.521521521521525	0.7955814685460044	0.20865883120043824
21.621621621621625	0.8456275146360943	0.258703876313551
21.721721721721725	0.8956735607261842	0.3087489214266638
21.821821821821825	0.9457196068162741	0.35879396653977663
21.921921921921925	0.995765652906364	0.40883901165288944
22.022022022022025	0.954417526523095	0.45888405676600225
22.122122122122125	0.9043734823769495	0.508929101879115
22.222222222222225	0.854329438230804	0.5589741469922278
22.322322322322325	0.8042853940846585	0.6090191921053406
22.422422422422425	0.754241349938513	0.6590642372184534
22.522522522522525	0.7041973057923675	0.7091092823315662
22.622622622622625	0.654153261646222	0.759154327444679
22.722722722722725	0.6041092175000765	0.8091993725577918
22.822822822822825	0.554065173353931	0.8592444176709046
22.922922922922925	0.5040211292077855	0.9092894627840175
23.023023023023026	0.45397708506164	0.9593345078971303
23.123123123123126	0.4039330409154944	0.990873895874679
23.223223223223226	0.3538889967693489	0.940831052885691
23.323323323323326	0.3038449526232033	0.890788209896703
23.423423423423426	0.2538009084770578	0.8407453669077151
23.523523523523526	0.20375686433091222	0.7907025239187271
23.623623623623626	0.15371282018476667	0.7406596809297391
23.723723723723726	0.10366877603862112	0.6906168379407511
23.823823823823826	0.05362473189247558	0.6405739949517631
23.923923923923926	0.0035806877463300385	0.5905311519627752
24.024024024024026	0.046463356399815504	0.5404883089737872
24.124124124124126	0.09650740054596105	0.49044546598479927
24.224224224224226	0.1465514446921066	0.44040262299581134
24.324324324324326	0.19659548883825215	0.3903597800068234
24.424424424424426	0.2466395329843977	0.3403169370178355
24.524524524524526	0.2966835771305432	0.2902740940288476
24.624624624624627	0.34672762127668877	0.24023125103985965
24.724724724724727	0.3967716654228343	0.19018840805087173
24.824824824824827	0.44681570956897987	0.1401455650618838
24.924924924924927	0.4968597537151254	0.09010272207289588
25.025025025025027	0.546903797861271	0.04005987908390795
25.125125125125127	0.5969478420074165	0.00998296390507998
25.225225225225227	0.646991886153562	0.06002580689406791
25.325325325325327	0.6970359302997075	0.11006864988305584
25.425425425425427	0.747079974445853	0.16011149287204376
25.525525525525527	0.7971240185919984	0.2101543358610317
25.625625625625627	0.8471680627381439	0.26019717885001964
25.725725725725727	0.8972121068842894	0.31024002183900756
25.825825825825827	0.9472561510304349	0.3602828648279955
25.925925925925927	0.9973001951765804	0.4103257078169834
26.026026026026027	0.9529788762593316	0.46036855080597133
26.126126126126128	0.9029372344130872	0.5104113937949593
26.226226226226228	0.8528955925668427	0.5604542367839472
26.326326326326328	0.8028539507205982	0.6104970797729352
26.426426426426428	0.7528123088743537	0.6605399227619232
26.526526526526528	0.7027706670281092	0.7105827657509112
26.626626626626628	0.6527290251818647	0.7606256087398992
26.726726726726728	0.6026873833356202	0.8106684517288871
26.826826826826828	0.5526457414893757	0.8607112947178751
26.926926926926928	0.5026040996431312	0.9107541377068631
27.027027027027028	0.45256245779688675	0.9607969806958511
27.127127127127128	0.40252081595064226	0.9895119190812232
27.227227227227228	0.3524791741043978	0.9394716785635083
27.32732732732733	0.3024375322581533	0.8894314380457935
27.42742742742743	0.2523958904119088	0.8393911975280787
27.52752752752753	0.2023542485656643	0.7893509570103638
27.62762762762763	0.15231260671941982	0.739310716492649
27.72772772772773	0.10227096487317533	0.6892704759749342
27.82782782782783	0.05222932302693085	0.6392302354572194
27.92792792792793	0.0021876811806863655	0.5891899949395045
28.02802802802803	0.047853960665558117	0.5391497544217897
28.12812812812813	0.0978956025118026	0.4891095139040748
28.22822822822823	0.1479372443580471	0.4390692733863599
28.32832832832833	0.19797888620429158	0.38902903286864504
28.42842842842843	0.24802052805053607	0.33898879235093016
28.52852852852853	0.2980621698967805	0.2889485518332153
28.62862862862863	0.348103811743025	0.2389083113155004
28.72872872872873	0.3981454535892695	0.1888680707977855
28.82882882882883	0.448187095435514	0.13882783028007062
28.92892892892893	0.4982287372817585	0.08878758976235573
29.02902902902903	0.5482703791280029	0.03874734924464086
29.12912912912913	0.5983120209742474	0.011292891273074021
29.22922922922923	0.6483536628204919	0.0613331317907889
29.32932932932933	0.6983953046667364	0.11137337230850378
29.42942942942943	0.7484369465129809	0.16141361282621866
29.52952952952953	0.7984785883592254	0.21145385334393355
29.62962962962963	0.8485202302054698	0.2614940938616484
29.72972972972973	0.8985618720517143	0.3115343343793633
29.82982982982983	0.9486035138979588	0.36157457489707817
29.929929929929934	0.9986451557442033	0.41161481541479306
30.030030030030034	0.9517462216613717	0.46165505593250794
30.130130130130134	0.9017073824525672	0.5116952964502228
30.230230230230234	0.8516685432437627	0.5617355369679377
30.330330330330334	0.8016297040349583	0.6117757774856525
30.430430430430434	0.7515908648261538	0.6618160180033673
30.530530530530534	0.7015520256173493	0.7118562585210821
30.630630630630634	0.6515131864085448	0.761896499038797
30.730730730730734	0.6014743471997404	0.8119367395565118
30.830830830830834	0.5514355079909359	0.8619769800742266
30.930930930930934	0.5013966687821314	0.9120172205919415
31.031031031031034	0.451357829573327	0.9620574611096563
31.131131131131134	0.40131899036452257	0.9883683484068744
31.231231231231234	0.35128015115571815	0.9383311106875617
31.331331331331334	0.3012413119469137	0.888293872968249
31.431431431431434	0.2512024727381093	0.8382566352489363
31.531531531531535	0.20116363352930489	0.7882193975296237
31.631631631631635	0.15112479432050047	0.738182159810311
31.731731731731735	0.10108595511169605	0.6881449220909983
31.831831831831835	0.05104711590289163	0.6381076843716856
31.931931931931935	0.0010082766940872068	0.588070446652373
32.032032032032035	0.04903056251471721	0.5380332089330603
32.132132132132135	0.09906940172352163	0.48799597121374755
32.232232232232235	0.14910824093232605	0.4379587334944348
32.332332332332335	0.19914708014113047	0.3879214957751221
32.432432432432435	0.2491859193499349	0.33788425805580935
32.532532532532535	0.2992247585587393	0.2878470203364966
32.632632632632635	0.34926359776754373	0.2378097826171839
32.732732732732735	0.39930243697634815	0.1877725448978712
32.832832832832835	0.44934127618515257	0.1377353071785585
32.932932932932935	0.499380115393957	0.0876980694592458
33.033033033033036	0.5494189546027615	0.037660831739933086
33.133133133133136	0.5994577938115659	0.012376405979379626
33.233233233233236	0.6494966330203704	0.06241364369869234
33.333333333333336	0.6995354722291749	0.11245088141800505
33.433433433433436	0.7495743114379794	0.16248811913731775
33.533533533533536	0.7996131506467838	0.21252535685663046
33.633633633633636	0.8496519898555883	0.26256259457594316
33.733733733733736	0.8996908290643928	0.3125998322952559
33.833833833833836	0.9497296682731973	0.36263707001456863
33.933933933933936	0.9997685074820017	0.41267430773388136
34.034034034034036	0.9507515889908369	0.4627115454531941
34.134134134134136	0.9007159527353912	0.5127487831725068
34.234234234234236	0.8506803164799455	0.5627860208918195
34.334334334334336	0.8006446802244997	0.6128232586111322
34.434434434434436	0.750609043969054	0.6628604963304449
34.53453453453454	0.7005734077136083	0.7128977340497575
34.63463463463464	0.6505377714581626	0.7629349717690702
34.73473473473474	0.6005021352027169	0.8129722094883829
34.83483483483484	0.5504664989472712	0.8630094472076956
34.93493493493494	0.5004308626918255	0.9130466849270082
35.03503503503504	0.4503952264363797	0.9630839226463209
35.13513513513514	0.4003595901809339	0.9874752094414165
35.23523523523524	0.35032395392548815	0.9374413748244134
35.33533533533534	0.3002883176700424	0.8874075402074102
35.43543543543544	0.2502526814145966	0.837373705590407
35.53553553553554	0.20021704515915084	0.7873398709734039
35.63563563563564	0.15018140890370507	0.7373060363564007
35.73573573573574	0.1001457726482593	0.6872722017393975
35.83583583583584	0.05011013639281353	0.6372383671223943
35.93593593593594	7.450013736776118e-05	0.5872045325053912
36.03603603603604	0.04996113611807801	0.537170697888388
36.13613613613614	0.09999677237352378	0.48713686327138483
36.23623623623624	0.15003240862896955	0.43710302865438166
36.33633633633634	0.20006804488441532	0.3870691940373785
36.43643643643644	0.2501036811398611	0.3370353594203753
36.53653653653654	0.30013931739530686	0.28700152480337215
36.63663663663664	0.35017495365075263	0.236967690186369
36.73673673673674	0.4002105899061984	0.18693385556936587
36.83683683683684	0.45024622616164417	0.13690002095236273
36.93693693693694	0.5002818624170899	0.08686618633535959
37.03703703703704	0.5503174986725357	0.03683235171835644
37.13713713713714	0.6003531349279814	0.0132014828986467
37.23723723723724	0.6503887711834271	0.06323531751564984
37.33733733733734	0.7004244074388728	0.11326915213265298
37.43743743743744	0.7504600436943185	0.16330298674965613
37.53753753753754	0.8004956799497642	0.21333682136665927
37.63763763763764	0.8505313162052099	0.2633706559836624
37.73773773773774	0.9005669524606557	0.31340449060066555
37.83783783783784	0.9506025887161014	0.3634383252176687
37.93793793793794	1.0000590356802253	0.4134721598346719
38.03803803803804	0.9500270026692337	0.46350599445167506
38.13813813813814	0.8999949696582421	0.5135398290686782
38.23823823823824	0.8499629366472505	0.5635736636856814
38.33833833833834	0.799930903636259	0.6136074983026846
38.43843843843844	0.7498988706252674	0.6636413329196877
38.53853853853854	0.6998668376142758	0.7136751675366909
38.63863863863864	0.6498348046032842	0.7637090021536941
38.73873873873874	0.5998027715922927	0.8137428367706973
38.83883883883884	0.5497707385813011	0.8637766713877004
38.93893893893894	0.4997387055703096	0.9138105060047036
39.03903903903904	0.44970667255931807	0.9638443406217068
39.13913913913914	0.39967463954832655	0.9868647259705772
39.23923923923924	0.34964260653733503	0.9368346947333668
39.33933933933934	0.2996105735263435	0.8868046634961564
39.43943943943944	0.249578540515352	0.836774632258946
39.53953953953954	0.19954650750436048	0.7867446010217356
39.63963963963964	0.14951447449336897	0.7367145697845252
39.73973973973974	0.09948244148237745	0.6866845385473148
39.83983983983984	0.04945040847138593	0.6366545073101044
39.93993993993994	0.0005816245396055852	0.586624476072894
40.04004004004004	0.0506136575505971	0.5365944448356836
40.14014014014014	0.10064569056158862	0.4865644135984733
40.24024024024024	0.15067772357258014	0.43653438236126296
40.34034034034034	0.20070975658357165	0.3865043511240526
40.44044044044044	0.25074178959456317	0.3364743198868423
40.54054054054054	0.3007738226055547	0.28644428864963195
40.64064064064064	0.3508058556165462	0.23641425741242159
40.74074074074074	0.4008378886275377	0.18638422617521122
40.84084084084084	0.45086992163852924	0.13635419493800086
40.94094094094094	0.5009019546495208	0.08632416370079049
41.04104104104104	0.5509339876605124	0.03629413246358013
41.14114114114114	0.600966020671504	0.013735898773630226
41.24124124124124	0.6509980536824955	0.06376593001084058
41.34134134134134	0.7010300866934871	0.11379596124805094
41.44144144144144	0.7510621197044787	0.1638259924852613
41.54154154154154	0.8010941527154702	0.21385602372247167
41.64164164164164	0.8511261857264618	0.26388605495968204
41.74174174174174	0.9011582187374534	0.3139160861968924
41.84184184184184	0.951190251748445	0.3639461174341027
41.94194194194194	0.9996327146605395	0.41397614867131305
42.04204204204204	0.9496046851570724	0.4640061799085234
42.14214214214214	0.8995766556536053	0.5140362111457337
42.24224224224224	0.8495486261501383	0.5640662423829441
42.34234234234234	0.7995205966466712	0.6140962736201545
42.44244244244244	0.7494925671432041	0.6641263048573649
42.54254254254254	0.699464537639737	0.7141563360945753
42.64264264264264	0.64943650813627	0.7641863673317857
42.74274274274275	0.5994084786328029	0.8142163985689961
42.84284284284285	0.5493804491293358	0.8642464298062065
42.94294294294295	0.4993524196258688	0.9142764610434169
43.04304304304305	0.4493243901224018	0.9643064922806273
43.14314314314315	0.39929636061893475	0.9865689194339327
43.24324324324325	0.34926833111546773	0.9365430918243718
43.34334334334335	0.2992403016120007	0.8865172642148109
43.44344344344345	0.2492122721085337	0.83649143660525
43.54354354354355	0.19918424260506667	0.7864656089956892
43.64364364364365	0.14915621310159966	0.7364397813861283
43.74374374374375	0.09912818359813262	0.6864139537765674
43.84384384384385	0.04910015409466559	0.6363881261670066
43.94394394394395	0.0009278754088014457	0.5863622985574457
44.04404404404405	0.05095590491226848	0.5363364709478848
44.14414414414415	0.10098393441573551	0.48631064333832397
44.24424424424425	0.15101196391920255	0.4362848157287631
44.34434434434435	0.2010399934226696	0.38625898811920223
44.44444444444445	0.2510680229261366	0.33623316050964136
44.54454454454455	0.30109605242960363	0.2862073329000805
44.64464464464465	0.35112408193307065	0.23618150529051965
44.74474474474475	0.4011521114365377	0.1861556776809588
44.84484484484485	0.4511801409400047	0.13612985007139797
44.94494494494495	0.5012081704434718	0.08610402246183713
45.04504504504505	0.5512361999469388	0.036078194852276285
45.14514514514515	0.6012642294504059	0.013947632757284556
45.24524524524525	0.651292258953873	0.0639734603668454
45.34534534534535	0.7013202884573401	0.11399928797640624
45.44544544544545	0.7513483179608071	0.16402511558596708
45.54554554554555	0.8013763474642742	0.21405094319552792
45.64564564564565	0.8514043769677413	0.26407677080508873
45.74574574574575	0.9014324064712084	0.3141025984146496
45.84584584584585	0.9514604359746754	0.36412842602421047
45.94594594594595	0.9995402821759147	0.41415425363377134
46.04604604604605	0.9495166564118149	0.4641800812433322
46.14614614614615	0.8994930306477151	0.5142059088528931
46.24624624624625	0.8494694048836153	0.564231736462454
46.34634634634635	0.7994457791195155	0.6142575640720148
46.44644644644645	0.7494221533554157	0.6642833916815757
46.54654654654655	0.6993985275913159	0.7143092192911366
46.64664664664665	0.6493749018272161	0.7643350469006974
46.74674674674675	0.5993512760631163	0.8143608745102583
46.84684684684685	0.5493276502990165	0.8643867021198192
46.94694694694695	0.49930402453491673	0.91441252972938
47.04704704704705	0.44928039877081694	0.9644383573389409
47.14714714714715	0.39925677300671714	0.9866198088176885
47.24724724724725	0.34923314724261734	0.9365985850508054
47.34734734734735	0.29920952147851754	0.8865773612839223
47.44744744744745	0.2491858957144177	0.8365561375170392
47.54754754754755	0.19916226995031788	0.786534913750156
47.64764764764765	0.14913864418621806	0.7365136899832729
47.74774774774775	0.09911501842211823	0.6864924662163898
47.84784784784785	0.04909139265801841	0.6364712424495067
47.94794794794795	0.0009322331060814121	0.5864500186826236
48.04804804804805	0.05095585887018123	0.5364287949157405
48.14814814814815	0.10097948463428105	0.48640757114885735
48.24824824824825	0.15100311039838088	0.43638634738197424
48.34834834834835	0.2010267361624807	0.3863651236150911
48.44844844844845	0.25105036192658053	0.336343899848208
48.54854854854855	0.30107398769068033	0.2863226760813249
48.64864864864865	0.35109761345478013	0.2363014523144418
48.74874874874875	0.40112123921887993	0.1862802285475587
48.84884884884885	0.45114486498297973	0.13625900478067562
48.94894894894895	0.5011684907470796	0.08623778101379254
49.04904904904905	0.5511921165111794	0.03621655724690944
49.14914914914915	0.6012157422752792	0.013804666519973655
49.24924924924925	0.651239368039379	0.06382589028685676
49.34934934934935	0.7012629938034788	0.11384711405373985
49.44944944944945	0.7512866195675786	0.16386833782062293
49.54954954954955	0.8013102453316784	0.21388956158750602
49.64964964964965	0.8513338710957782	0.2639107853543891
49.74974974974975	0.901357496859878	0.3139320091212722
49.84984984984985	0.9513811226239778	0.36395323288815534
49.94994994994995	0.9998137556079629	0.41397445665503846
50.050050050050054	0.9497949337806436	0.4639956804219216
50.150150150150154	0.8997761119533243	0.5140169041888046
50.250250250250254	0.849757290126005	0.5640381279556878
50.350350350350354	0.7997384682986857	0.6140593517225709
50.450450450450454	0.7497196464713664	0.664080575489454
50.550550550550554	0.699700824644047	0.7141017992563371
50.650650650650654	0.6496820028167277	0.7641230230232202
50.750750750750754	0.5996631809894084	0.8141442467901033
50.850850850850854	0.5496443591620891	0.8641654705569864
50.950950950950954	0.4996255373347698	0.9141866943238696
51.051051051051054	0.44960671550745046	0.9642079180907527
51.151151151151154	0.39958789368013115	0.9870494103985132
51.251251251251254	0.34956907185281183	0.9370331906533058
51.351351351351354	0.2995502500254925	0.8870169709080984
51.451451451451454	0.2495314281981732	0.837000751162891
51.551551551551555	0.19951260637085388	0.7869845314176835
51.651651651651655	0.14949378454353457	0.7369683116724761
51.751751751751755	0.09947496271621525	0.6869520919272687
51.851851851851855	0.04945614088889593	0.6369358721820613
51.951951951951955	0.0005626809384233905	0.5869196524368538
52.052052052052055	0.05058150276574271	0.5369034326916464
52.152152152152155	0.10060032459306203	0.486887212946439
52.252252252252255	0.15061914642038135	0.43687099320123157
52.352352352352355	0.20063796824770067	0.38685477345602415
52.452452452452455	0.25065679007502	0.3368385537108167
52.552552552552555	0.3006756119023393	0.2868223339656093
52.652652652652655	0.35069443372965864	0.23680611422040188
52.752752752752755	0.40071325555697795	0.18678989447519445
52.852852852852855	0.45073207738429727	0.13677367472998703
52.952952952952955	0.5007508992116166	0.0867574549847796
53.053053053053056	0.550769721038936	0.036741235239572186
53.153153153153156	0.6007885428662553	0.013274984505635232
53.253253253253256	0.6508073646935746	0.06329120425084264
53.353353353353356	0.7008261865208939	0.11330742399605007
53.453453453453456	0.7508450083482132	0.1633236437412575
53.553553553553556	0.8008638301755325	0.21333986348646491
53.653653653653656	0.8508826520028518	0.2633560832316723
53.753753753753756	0.9009014738301712	0.31337230297687974
53.853853853853856	0.9509202956574905	0.36338852272208716
53.953953953953956	1.000485149475091	0.4134047424672946
54.054054054054056	0.9504715317443344	0.463420962212502
54.154154154154156	0.9004579140135778	0.5134371819577094
54.254254254254256	0.8504442962828211	0.5634534017029168
54.354354354354356	0.8004306785520645	0.6134696214481242
54.454454454454456	0.7504170608213079	0.6634858411933316
54.55455455455456	0.7004034430905512	0.7135020609385391
54.65465465465466	0.6503898253597946	0.7635182806837465
54.75475475475476	0.600376207629038	0.8135345004289539
54.85485485485486	0.5503625898982814	0.8635507201741613
54.95495495495496	0.5003489721675247	0.9135669399193688
55.05505505505506	0.4503353544367681	0.9635831596645762
55.15515515515516	0.40032173670601146	0.9878897374874203
55.25525525525526	0.3503081189752548	0.9378789219036546
55.35535535535536	0.3002945012444982	0.887868106319889
55.45545545545546	0.25028088351374156	0.8378572907361234
55.55555555555556	0.20026726578298493	0.7878464751523577
55.65565565565566	0.1502536480522283	0.7378356595685921
55.75575575575576	0.10024003032147168	0.6878248439848265
55.85585585585586	0.05022641259071506	0.6378140284010608
55.95595595595596	0.00021279485995844005	0.5878032128172952
56.05605605605606	0.04980082287079818	0.5377923972335296
56.15615615615616	0.0998144406015548	0.487781581649764
56.25625625625626	0.14982805833231141	0.4377707660659984
56.35635635635636	0.19984167606306802	0.38775995048223283
56.45645645645646	0.24985529379382465	0.33774913489846725
56.55655655655656	0.2998689115245813	0.2877383193147017
56.65665665665666	0.3498825292553379	0.2377275037309361
56.75675675675676	0.39989614698609455	0.18771668814717052
56.85685685685686	0.4499097647168512	0.13770587256340494
56.95695695695696	0.4999233824476078	0.08769505697963935
57.05705705705706	0.5499370001783644	0.03768424139587376
57.15715715715716	0.5999506179091211	0.012326574187891834
57.25725725725726	0.6499642356398777	0.062337389771657425
57.35735735735736	0.6999778533706343	0.11234820535542302
57.45745745745746	0.749991471101391	0.1623590209391886
57.55755755755756	0.8000050888321476	0.21236983652295421
57.65765765765766	0.8500187065629042	0.2623806521067198
57.75775775775776	0.9000323242936609	0.31239146769048537
57.85785785785786	0.9500459420244175	0.36240228327425095
57.95795795795796	1.000059559755174	0.4124130988580165
58.05805805805806	0.9515784616611369	0.4624239144417821
58.15815815815816	0.9015704481458928	0.5124347300255477
58.25825825825826	0.8515624346306487	0.5624455456093134
58.35835835835836	0.8015544211154046	0.612456361193079
58.45845845845846	0.7515464076001606	0.6624671767768446
58.55855855855856	0.7015383940849165	0.7124779923606103
58.65865865865866	0.6515303805696724	0.7624888079443759
58.75875875875876	0.6015223670544283	0.8124996235281415
58.85885885885886	0.5515143535391842	0.8625104391119072
58.95895895895896	0.5015063400239401	0.9125212546956728
59.05905905905906	0.451498326508696	0.9625320702794384
59.15915915915916	0.40149031299345184	0.989172600130388
59.25925925925926	0.3514822994782077	0.9391675888053974
59.35935935935936	0.30147428596296355	0.8891625774804068
59.45945945945946	0.2514662724477194	0.8391575661554163
59.55955955955956	0.20145825893247526	0.7891525548304257
59.65965965965966	0.15145024541723112	0.7391475435054351
59.75975975975976	0.10144223190198698	0.6891425321804445
59.85985985985987	0.051434218386742836	0.6391375208554539
59.95995995995997	0.001426204871498693	0.5891325095304634
60.06006006006007	0.04858180864374545	0.5391274982054728
60.16016016016017	0.09858982215898959	0.48912248688048215
60.26026026026027	0.14859783567423374	0.4391174755554915
60.36036036036037	0.19860584918947788	0.3891124642305009
60.46046046046047	0.24861386270472202	0.33910745290551025
60.56056056056057	0.29862187621996616	0.2891024415805196
60.66066066066067	0.3486298897352103	0.239097430255529
60.76076076076077	0.39863790325045445	0.18909241893053835
60.86086086086087	0.4486459167656986	0.13908740760554772
60.96096096096097	0.49865393028094274	0.0890823962805571
61.06106106106107	0.5486619437961868	0.03907738495556648
61.16116116116117	0.5986699573114309	0.01092762636942414
61.26126126126127	0.648677970826675	0.06093263769441476
61.36136136136137	0.6986859843419191	0.11093764901940538
61.46146146146147	0.7486939978571632	0.160942660344396
61.56156156156157	0.7987020113724073	0.2109476716693866
61.66166166166167	0.8487100248876513	0.26095268299437724
61.76176176176177	0.8987180384028954	0.31095769431936787
61.86186186186187	0.9487260519181395	0.3609627056443585
61.96196196196197	0.9987340654333836	0.41096771696934914
62.06206206206207	0.9531475314674009	0.4609727282943398
62.16216216216217	0.9031455222425856	0.5109777396193304
62.26226226226227	0.8531435130177702	0.5609827509443209
62.36236236236237	0.8031415037929549	0.6109877622693115
62.46246246246247	0.7531394945681396	0.6609927735943021
62.56256256256257	0.7031374853433242	0.7109977849192927
62.66266266266267	0.6531354761185089	0.7610027962442832
62.76276276276277	0.6031334668936935	0.8110078075692738
62.86286286286287	0.5531314576688782	0.8610128188942644
62.96296296296297	0.5031294484440628	0.911017830219255
63.06306306306307	0.4531274392192475	0.9610228415442456
63.16316316316317	0.4031254299944321	0.9909300049620093
63.26326326326327	0.3531234207696168	0.940931197947493
63.36336336336337	0.30312141154480143	0.8909323909329767
63.46346346346347	0.2531194023199861	0.8409335839184604
63.56356356356357	0.20311739309517074	0.7909347769039441
63.66366366366367	0.1531153838703554	0.7409359698894278
63.76376376376377	0.10311337464554005	0.6909371628749115
63.86386386386387	0.05311136542072469	0.6409383558603952
63.96396396396397	0.003109356195909338	0.5909395488458788
64.06406406406407	0.046892653028906016	0.5409407418313625
64.16416416416416	0.09689466225372137	0.49094193481684617
64.26426426426427	0.14689667147853672	0.4409431278023298
64.36436436436436	0.19689868070335206	0.39094432078781344
64.46446446446447	0.2469006899281674	0.34094551377329707
64.56456456456456	0.2969026991529828	0.2909467067587807
64.66466466466467	0.34690470837779813	0.24094789974426434
64.76476476476476	0.3969067176026135	0.19094909272974797
64.86486486486487	0.4469087268274288	0.1409502857152316
64.96496496496496	0.4969107360522442	0.09095147870071524
65.06506506506507	0.5469127452770596	0.04095267168619888
65.16516516516516	0.5969147545018749	0.009046135328317481
65.26526526526527	0.6469167637266903	0.05904494234283384
65.36536536536536	0.6969187729515056	0.1090437493573502
65.46546546546547	0.746920782176321	0.15904255637186657
65.56556556556556	0.7969227914011363	0.20904136338638293
65.66566566566567	0.8469248006259517	0.2590401704008993
65.76576576576576	0.896926809850767	0.30903897741541564
65.86586586586587	0.9469288190755824	0.359037784429932
65.96596596596596	0.9969308283003977	0.40903659144444837
66.06606606606607	0.9552107455312497	0.45903539845896474
66.16616616616616	0.9052151406245453	0.5090342054734811
66.26626626626627	0.8552195357178409	0.5590330124879974
66.36636636636636	0.8052239308111365	0.6090318195025137
66.46646646646647	0.7552283259044321	0.65903062651703
66.56656656656656	0.7052327209977277	0.7090294335315463
66.66666666666667	0.6552371160910233	0.7590282405460627
66.76676676676676	0.6052415111843189	0.809027047560579
66.86686686686687	0.5552459062776145	0.8590258545750953
66.96696696696696	0.5052503013709101	0.9090246615896116
67.06706706706707	0.4552546964642057	0.9590234686041279
67.16716716716716	0.4052590915575013	0.9931939548845512
67.26726726726727	0.3552634866507969	0.9432017521833741
67.36736736736736	0.3052678817440925	0.893209549482197
67.46746746746747	0.25527227683738807	0.8432173467810199
67.56756756756756	0.20527667193068366	0.7932251440798428
67.66766766766767	0.15528106702397926	0.7432329413786657
67.76776776776777	0.10528546211727485	0.6932407386774886
67.86786786786787	0.05528985721057045	0.6432485359763115
67.96796796796797	0.005294252303866043	0.5932563332751344
68.06806806806807	0.04470135260283836	0.5432641305739573
68.16816816816817	0.09469695750954277	0.4932719278727801
68.26826826826827	0.14469256241624717	0.44327972517160297
68.36836836836838	0.19468816732295158	0.3932875224704258
68.46846846846847	0.24468377222965598	0.34329531976924865
68.56856856856858	0.2946793771363604	0.2933031170680715
68.66866866866867	0.3446749820430648	0.24331091436689434
68.76876876876878	0.3946705869497692	0.19331871166571718
68.86886886886887	0.4446661918564736	0.14332650896454002
68.96896896896898	0.494661796763178	0.09333430626336287
69.06906906906907	0.5446574016698824	0.043342103562185715
69.16916916916918	0.5946530065765868	0.006650099138991436
69.26926926926927	0.6446486114832912	0.05664230184016859
69.36936936936938	0.6946442163899956	0.10663450454134574
69.46946946946947	0.7446398212967	0.1566267072425229
69.56956956956958	0.7946354262034044	0.20661890994370005
69.66966966966967	0.8446310311101088	0.2566111126448772
69.76976976976978	0.8946266360168132	0.30660331534605434
69.86986986986987	0.9446222409235177	0.3565955180472315
69.96996996996998	0.9946178458302221	0.40658772074840865
70.07007007007007	0.9578001043316715	0.4565799234495858
70.17017017017018	0.9078113037203257	0.506572126150763
70.27027027027027	0.8578225031089799	0.5565643288519401
70.37037037037038	0.8078337024976341	0.6065565315531172
70.47047047047047	0.7578449018862883	0.6565487342542943
70.57057057057058	0.7078561012749425	0.7065409369554714
70.67067067067067	0.6578673006635967	0.7565331396566485
70.77077077077078	0.6078785000522509	0.8065253423578256
70.87087087087087	0.557889699440905	0.8565175450590027
70.97097097097098	0.5079008988295592	0.9065097477601798
71.07107107107107	0.4579120982182135	0.9565019504613569
71.17117117117118	0.40792329760686774	0.9959964488119291
71.27127127127127	0.357934496995522	0.9460112503749216
71.37137137137138	0.30794569638417624	0.8960260519379142
71.47147147147147	0.2579568957728305	0.8460408535009067
71.57157157157158	0.20796809516148473	0.7960556550638993
71.67167167167167	0.15797929455013898	0.7460704566268919
71.77177177177178	0.10799049393879322	0.6960852581898844
71.87187187187187	0.05800169332744745	0.646100059752877
71.97197197197198	0.008012892716101686	0.5961148613158695
72.07207207207207	0.04197590789524408	0.5461296628788621
72.17217217217218	0.09196470850658985	0.4961444644418546
72.27227227227228	0.1419535091179356	0.4461592660048471
72.37237237237238	0.1919423097292814	0.3961740675678396
72.47247247247248	0.24193111034062714	0.34618886913083213
72.57257257257258	0.2919199109519729	0.29620367069382464
72.67267267267268	0.34190871156331865	0.24621847225681717
72.77277277277278	0.3918975121746644	0.1962332738198097
72.87287287287288	0.44188631278601015	0.14624807538280224
72.97297297297298	0.4918751133973559	0.09626287694579477
73.07307307307308	0.5418639140087017	0.0462776785087873
73.17317317317318	0.5918527146200475	0.0037075199282201737
73.27327327327328	0.6418415152313933	0.05369271836522765
73.37337337337338	0.6918303158427391	0.10367791680223512
73.47347347347348	0.7418191164540849	0.1536631152392426
73.57357357357358	0.7918079170654307	0.20364831367625005
73.67367367367368	0.8417967176767766	0.2536335121132575
73.77377377377378	0.8917855182881224	0.303618710550265
73.87387387387388	0.9417743188994682	0.3536039089872725
73.97397397397398	0.991763119510814	0.40358910742428
74.07407407407408	0.9609476042024927	0.4535743058612875
74.17417417417418	0.9109660078101189	0.503559504298295
74.27427427427428	0.8609844114177452	0.5535447027353024
74.37437437437438	0.8110028150253714	0.6035299011723099
74.47447447447448	0.7610212186329977	0.6535150996093173
74.57457457457458	0.7110396222406239	0.7035002980463247
74.67467467467468	0.6610580258482501	0.7534854964833322
74.77477477477478	0.6110764294558764	0.8034706949203396
74.87487487487488	0.5610948330635026	0.8534558933573471
74.97497497497498	0.5111132366711288	0.9034410917943545
75.07507507507508	0.46113164027875503	0.9534262902313619
75.17517517517518	0.4111500438863812	0.9993694814137062
75.27527527527528	0.3611684474940074	0.9493916871364647
75.37537537537538	0.3111868511016336	0.8994138928592232
75.47547547547548	0.26120525470925976	0.8494360985819818
75.57557557557558	0.21122365831688594	0.7994583043047403
75.67567567567568	0.16124206192451213	0.7494805100274988
75.77577577577578	0.11126046553213831	0.6995027157502574
75.87587587587588	0.06127886913976449	0.6495249214730159
75.97597597597598	0.011297272747390674	0.5995471271957744
76.07607607607608	0.03868432364498314	0.5495693329185329
76.17617617617618	0.08866592003735696	0.4995915386412914
76.27627627627628	0.13864751642973078	0.4496137443640499
76.37637637637638	0.1886291128221046	0.39963595008680836
76.47647647647648	0.2386107092144784	0.34965815580956683
76.57657657657658	0.28859230560685223	0.2996803615323253
76.67667667667668	0.33857390199922605	0.24970256725508377
76.77677677677679	0.38855549839159986	0.19972477297784225
76.87687687687688	0.4385370947839737	0.14974697870060072
76.97697697697699	0.4885186911763475	0.0997691844233592
77.07707707707708	0.5385002875687213	0.04979139014611769
77.17717717717719	0.588481883961095	0.00018640413112382126
77.27727727727728	0.6384634803534688	0.050164198408365335
77.37737737737739	0.6884450767458425	0.10014199268560685
77.47747747747748	0.7384266731382163	0.15011978696284836
77.57757757757759	0.7884082695305901	0.20009758124008986
77.67767767767768	0.8383898659229638	0.2500753755173314
77.77777777777779	0.8883714623153376	0.3000531697945729
77.87787787787788	0.9383530587077114	0.35003096407181444
77.97797797797799	0.9883346551000851	0.40000875834905597
78.07807807807808	0.9646852370764041	0.4499865526262975
78.17817817817819	0.9147112447697816	0.499964346903539
78.27827827827828	0.8647372524631591	0.5499421411807806
78.37837837837839	0.8147632601565367	0.599919935458022
78.47847847847848	0.7647892678499142	0.6498977297352635
78.57857857857859	0.7148152755432917	0.699875524012505
78.67867867867868	0.6648412832366692	0.7498533182897464
78.77877877877879	0.6148672909300468	0.7998311125669879
78.87887887887888	0.5648932986234243	0.8498089068442294
78.97897897897899	0.5149193063168018	0.8997867011214709
79.07907907907908	0.4649453140101794	0.9497644953987123
79.17917917917919	0.414971321703557	0.9997422896759538
79.27927927927928	0.3649973293969346	0.9533750525788118
79.37937937937939	0.31502333709031216	0.9034050622984992
79.47947947947948	0.26504934478368974	0.8534350720181865
79.57957957957959	0.21507535247706733	0.8034650817378738
79.67967967967968	0.1651013601704449	0.7534950914575611
79.77977977977979	0.1151273678638225	0.7035251011772484
79.87987987987988	0.06515337555720008	0.6535551108969357
79.97997997997999	0.015179383250577654	0.6035851206166231
80.08008008008008	0.03479460905604477	0.5536151303363104
80.18018018018019	0.0847686013626672	0.5036451400559977
80.28028028028028	0.13474259366928962	0.45367514977568496
80.38038038038039	0.18471658597591203	0.4037051594953722
80.48048048048048	0.23469057828253445	0.3537351692150595
80.58058058058059	0.2846645705891569	0.30376517893474675
80.68068068068068	0.3346385628957793	0.253795188654434
80.78078078078079	0.38461255520240173	0.20382519837412127
80.88088088088088	0.43458654750902415	0.15385520809380854
80.98098098098099	0.48456053981564656	0.10388521781349581
81.08108108108108	0.534534532122269	0.05391522753318309
81.18118118118119	0.5845085244288915	0.003945237252870368
81.28128128128128	0.6344825167355139	0.046024753027442356
81.38138138138139	0.6844565090421364	0.09599474330775508
81.48148148148148	0.7344305013487589	0.1459647335880678
81.58158158158159	0.7844044936553813	0.1959347238683805
81.68168168168168	0.8343784859620038	0.24590471414869325
81.78178178178179	0.8843524782686263	0.295874704429006
81.88188188188188	0.9343264705752488	0.3458446947093187
81.98198198198199	0.9843004628818712	0.39581468498963146
82.08208208208208	0.9690447903334605	0.4457846752699442
82.18218218218219	0.919078801919336	0.49575466555025693
82.28228228228228	0.8691128135052115	0.5457246558305696
82.38238238238239	0.819146825091087	0.5956946461108823
82.48248248248248	0.7691808366769626	0.645664636391195
82.58258258258259	0.7192148482628381	0.6956346266715077
82.68268268268268	0.6692488598487136	0.7456046169518203
82.78278278278279	0.6192828714345892	0.795574607232133
82.88288288288288	0.5693168830204647	0.8455445975124457
82.98298298298299	0.5193508946063402	0.8955145877927584
83.08308308308308	0.4693849061922157	0.9454845780730711
83.18318318318319	0.41941891777809115	0.9954545683533838
83.28328328328328	0.3694529293639666	0.9579931321577673
83.38338338338339	0.3194869409498421	0.9080313456499138
83.48348348348348	0.26952095253571756	0.8580695591420604
83.58358358358359	0.21955496412159303	0.808107772634207
83.68368368368368	0.1695889757074685	0.7581459861263535
83.78378378378379	0.11962298729334397	0.7081841996185001
83.88388388388388	0.06965699887921944	0.6582224131106467
83.98398398398399	0.019691010465094923	0.6082606266027932
84.08408408408408	0.0302749779490296	0.5582988400949398
84.18418418418419	0.08024096636315411	0.5083370535870864
84.28428428428428	0.13020695477727864	0.458375267079233
84.38438438438439	0.18017294319140317	0.4084134805713796
84.48448448448448	0.2301389316055277	0.3584516940635262
84.58458458458459	0.2801049200196522	0.30848990755567285
84.68468468468468	0.33007090843377673	0.25852812104781947
84.78478478478479	0.38003689684790126	0.2085663345399661
84.88488488488488	0.4300028852620258	0.1586045480321127
84.98498498498499	0.4799688736761503	0.10864276152425933
85.08508508508508	0.5299348620902748	0.058680975016405956
85.18518518518519	0.5799008505043993	0.008719188508552578
85.28528528528528	0.6298668389185238	0.0412425979993008
85.38538538538539	0.6798328273326483	0.09120438450715418
85.4854854854855	0.7297988157467727	0.14116617101500756
85.58558558558559	0.7797648041608972	0.19112795752286094
85.6856856856857	0.8297307925750217	0.24108974403071431
85.78578578578579	0.8796967809891462	0.2910515305385677
85.8858858858859	0.9296627694032706	0.34101331704642107
85.98598598598599	0.9796287578173951	0.39097510355427445
86.0860860860861	0.9740582463683038	0.44093689006212783
86.18618618618619	0.9241006615901922	0.4908986765699812
86.2862862862863	0.8741430768120806	0.5408604630778346
86.38638638638639	0.824185492033969	0.5908222495856881
86.4864864864865	0.7742279072558573	0.6407840360935415
86.58658658658659	0.7242703224777457	0.6907458226013949
86.6866866866867	0.6743127376996341	0.7407076091092484
86.78678678678679	0.6243551529215224	0.7906693956171018
86.8868868868869	0.5743975681434108	0.8406311821249552
86.98698698698699	0.5244399833652992	0.8905929686328087
87.0870870870871	0.4744823985871876	0.9405547551406621
87.18718718718719	0.42452481380907603	0.9905165416485155
87.2872872872873	0.37456722903096445	0.9632779062413652
87.38738738738739	0.3246096442528529	0.9133247232166711
87.4874874874875	0.2746520594747413	0.863371540191977
87.58758758758759	0.2246944746966297	0.813418357167283
87.6876876876877	0.1747368899185181	0.7634651741425889
87.78778778778779	0.1247793051404065	0.7135119911178948
87.8878878878879	0.0748217203622949	0.6635588080932007
87.98798798798799	0.0248641355841833	0.6136056250685066
88.0880880880881	0.025093449193928294	0.5636524420438125
88.18818818818819	0.07505103397203988	0.5136992590191184
88.2882882882883	0.12500861875015148	0.4637460759944243
88.38838838838839	0.1749662035282631	0.4137928929697302
88.4884884884885	0.2249237883063747	0.3638397099450361
88.58858858858859	0.2748813730844863	0.313886526920342
88.6886886886887	0.32483895786259787	0.26393334389564793
88.78878878878879	0.37479654264070944	0.21398016087095387
88.8888888888889	0.424754127418821	0.1640269778462598
88.988988988989	0.4747117121969326	0.11407379482156574
89.0890890890891	0.5246692969750442	0.06412061179687167
89.1891891891892	0.5746268817531558	0.014167428772177602
89.2892892892893	0.6245844665312674	0.03578575425251647
89.3893893893894	0.674542051309379	0.08573893727721055
89.4894894894895	0.7244996360874907	0.1356921203019046
89.5895895895896	0.7744572208656023	0.18564530332659868
89.6896896896897	0.8244148056437139	0.23559848635129274
89.7897897897898	0.8743723904218256	0.2855516693759868
89.8898898898899	0.9243299751999372	0.3355048524006809
89.98998998999	0.9742875599780488	0.385458035425375
90.0900900900901	0.9797575824083316	0.4354112184500691
90.1901901901902	0.9298088009433183	0.4853644014747632
90.2902902902903	0.879860019478305	0.5353175844994572
90.3903903903904	0.8299112380132918	0.5852707675241513
90.4904904904905	0.7799624565482786	0.6352239505488454
90.5905905905906	0.7300136750832653	0.6851771335735395
90.6906906906907	0.6800648936182521	0.7351303165982336
90.7907907907908	0.6301161121532388	0.7850834996229277
90.8908908908909	0.5801673306882256	0.8350366826476218
90.990990990991	0.5302185492232123	0.8849898656723159
91.0910910910911	0.4802697677581991	0.93494304869701
91.1911911911912	0.4303209862931858	0.984896231721704
91.2912912912913	0.3803722048281726	0.9692613499280669
91.3913913913914	0.33042342336315933	0.9193171700292037
91.4914914914915	0.2804746418981461	0.8693729901303404
91.5915915915916	0.23052586043313286	0.8194288102314772
91.6916916916917	0.18057707896811964	0.7694846303326139
91.7917917917918	0.13062829750310642	0.7195404504337507
91.8918918918919	0.0806795160380932	0.6695962705348875
91.991991991992	0.030730734573079975	0.6196520906360242
92.0920920920921	0.019218046891933252	0.569707910737161
92.1921921921922	0.06916682835694649	0.5197637308382977
92.2922922922923	0.1191156098219597	0.46981955093943456
92.3923923923924	0.16906439128697293	0.4198753710405714
92.4924924924925	0.21901317275198615	0.3699311911417082
92.5925925925926	0.26896195421699937	0.319987011242845
92.6926926926927	0.3189107356820126	0.2700428313439818
92.7927927927928	0.36885951714702586	0.22009865144511861
92.8928928928929	0.4188082986120391	0.1701544715462554
92.992992992993	0.46875708007705236	0.12021029164739219
93.0930930930931	0.5187058615420655	0.07026611174852898
93.1931931931932	0.5686546430070788	0.020321931849665777
93.2932932932933	0.618603424472092	0.029622248049197428
93.3933933933934	0.6685522059371053	0.07956642794806063
93.4934934934935	0.7185009874021185	0.12951060784692384
93.5935935935936	0.7684497688671318	0.17945478774578705
93.6936936936937	0.818398550332145	0.22939896764465026
93.7937937937938	0.8683473317971583	0.27934314754351347
93.8938938938939	0.9182961132621715	0.32928732744237665
93.993993993994	0.9682448947271848	0.37923150734123984
94.0940940940941	0.9861747702578554	0.429175687240103
94.1941941941942	0.9362351917133989	0.4791198671389662
94.2942942942943	0.8862956131689423	0.5290640470378294
94.3943943943944	0.8363560346244858	0.5790082269366926
94.4944944944945	0.7864164560800293	0.6289524068355559
94.5945945945946	0.7364768775355728	0.6788965867344191
94.6946946946947	0.6865372989911163	0.7288407666332823
94.7947947947948	0.6365977204466597	0.7787849465321456
94.8948948948949	0.5866581419022032	0.8287291264310088
94.994994994995	0.5367185633577467	0.8786733063298721
95.0950950950951	0.4867789848132902	0.9286174862287353
95.1951951951952	0.43683940626883366	0.9785616661275985
95.2952952952953	0.38689982772437714	0.9759754327909129
95.3953953953954	0.3369602491799206	0.9260406555893265
95.4954954954955	0.2870206706354641	0.87610587838774
95.5955955955956	0.23708109209100758	0.8261711011861536
95.6956956956957	0.18714151354655106	0.7762363239845671
95.7957957957958	0.13720193500209454	0.7263015467829806
95.8958958958959	0.08726235645763802	0.6763667695813942
95.995995995996	0.0373227779131815	0.6264319923798077
96.0960960960961	0.01261680063127503	0.5764972151782213
96.1961961961962	0.06255637917573156	0.5265624379766348
96.2962962962963	0.11249595772018808	0.47662766077504837
96.3963963963964	0.1624355362646446	0.4266928835734619
96.4964964964965	0.21237511480910112	0.37675810637187546
96.5965965965966	0.26231469335355767	0.326823329170289
96.6966966966967	0.3122542718980142	0.27688855196870255
96.7967967967968	0.3621938504424707	0.22695377476711606
96.8968968968969	0.41213342898692723	0.17701899756552958
96.996996996997	0.46207300753138375	0.1270842203639431
97.0970970970971	0.5120125860758403	0.07714944316235661
97.1971971971972	0.5619521646202968	0.027214665960770136
97.2972972972973	0.6118917431647534	0.02272011124081634
97.3973973973974	0.6618313217092099	0.07265488844240281
97.4974974974975	0.7117709002536664	0.12258966564398929
97.5975975975976	0.7617104787981229	0.17252444284557578
97.6976976976977	0.8116500573425794	0.22245922004716226
97.7977977977978	0.861589635887036	0.27239399724874874
97.8978978978979	0.9115292144314925	0.3223287744503352
97.997997997998	0.961468792975949	0.37226355165192165
98.0980980980981	0.9933417760423169	0.4221983288535081
98.1981981981982	0.9434117999530512	0.47213310605509456
98.2982982982983	0.8934818238637856	0.5220678832566811
98.3983983983984	0.84355184777452	0.5720026604582675
98.4984984984985	0.7936218716852543	0.621937437659854
98.5985985985986	0.7436918955959887	0.6718722148614404
98.6986986986987	0.6937619195067231	0.7218069920630269
98.7987987987988	0.6438319434174574	0.7717417692646134
98.8988988988989	0.5939019673281918	0.8216765464661998
98.998998998999	0.5439719912389261	0.8716113236677863
99.0990990990991	0.49404201514966056	0.9215461008693727
99.1991991991992	0.444112039060395	0.9714808780709592
99.2992992992993	0.3941820629711294	0.9834521186217797
99.3993993993994	0.3442520868818638	0.9335271436144934
99.4994994994995	0.29432211079259823	0.8836021686072071
99.5995995995996	0.24439213470333263	0.8336771935999208
99.6996996996997	0.19446215861406702	0.7837522185926344
99.7997997997998	0.1445321825248014	0.7338272435853481
99.8998998998999	0.0946022064355358	0.6839022685780618
100.0	0.04467223034627019	0.6339772935707755
